Rank	Degree_NodeId	Degree	Betweenness_NodeId	Betweenness	Clustering_NodeId	Clustering	Eigenvector_NodeId	Eigenvector
1	A:205:_:VAL	12	B:44:_:GLU	0.16060412244399866	A:128:_:PRO	1.0	A:1:_:MET	0.0
2	A:34:_:MET	12	A:156:_:ARG	0.15919930433864296	A:150:_:GLY	1.0	A:2:_:ARG	0.0
3	A:96:_:MET	12	A:52:_:ILE	0.11619192322712701	B:128:_:PRO	1.0	A:24:_:TYR	0.0
4	A:93:_:ALA	12	B:86:_:PHE	0.11219391675871138	B:143:_:GLU	1.0	A:81:_:PHE	0.0
5	A:182:_:TYR	12	A:48:_:GLN	0.10982322742549187	A:201:_:PRO	0.9	A:80:_:GLY	0.0
6	A:116:_:ILE	12	B:88:_:ARG	0.10603061092860327	A:75:_:GLU	0.8333333333333334	A:79:_:ASN	0.0
7	B:116:_:ILE	12	B:158:_:ASP	0.10375671505715181	A:148:_:VAL	0.8333333333333334	A:3:_:ILE	0.0
8	B:67:_:LEU	12	A:63:_:LEU	0.10291947156727917	A:157:_:LYS	0.8333333333333334	A:82:_:LEU	0.0
9	B:93:_:ALA	12	B:159:_:ASP	0.09978765419325214	A:190:_:ASN	0.8333333333333334	A:4:_:ILE	0.0
10	B:182:_:TYR	12	B:45:_:LEU	0.09580609117627029	B:75:_:GLU	0.8333333333333334	A:83:_:LEU	0.0
11	A:209:_:LEU	11	A:13:_:LYS	0.08499038430800729	B:136:_:LYS	0.8333333333333334	A:87:_:PRO	0.0
12	A:67:_:LEU	11	A:29:_:ILE	0.08257585360540468	B:135:_:VAL	0.8333333333333334	A:5:_:LEU	0.0
13	A:92:_:GLN	11	A:45:_:LEU	0.07886884244092324	B:157:_:LYS	0.8333333333333334	A:6:_:LEU	0.0
14	A:164:_:VAL	11	A:34:_:MET	0.07819709062418767	B:190:_:ASN	0.8333333333333334	A:85:_:GLY	0.0
15	A:171:_:TYR	11	A:84:_:ASP	0.07593123789717826	A:18:_:GLN	0.8	A:7:_:GLY	0.0
16	A:181:_:TYR	11	A:36:_:ARG	0.07588562504583511	A:22:_:GLU	0.8	A:8:_:ALA	0.0
17	A:185:_:GLU	11	A:155:_:THR	0.07219443439626141	A:40:_:LYS	0.8	A:9:_:PRO	0.0
18	B:4:_:ILE	11	B:4:_:ILE	0.07131538474769188	A:62:_:GLU	0.8	A:10:_:GLY	0.0
19	B:16:_:GLN	11	A:159:_:ASP	0.07114599626230633	A:91:_:PRO	0.8	A:11:_:ALA	0.0
20	B:209:_:LEU	11	A:86:_:PHE	0.0683305319030469	A:98:_:GLU	0.8	A:12:_:GLY	0.0
21	B:63:_:LEU	11	B:63:_:LEU	0.06741108482058755	A:142:_:VAL	0.8	A:120:_:ILE	0.0
22	B:52:_:ILE	11	B:156:_:ARG	0.06644105417446158	A:162:_:GLU	0.8	A:13:_:LYS	0.0
23	B:92:_:GLN	11	A:44:_:GLU	0.06574792472453049	A:187:_:GLU	0.8	A:14:_:GLY	0.0
24	B:96:_:MET	11	A:31:_:THR	0.06394941083892161	A:203:_:ALA	0.8	A:15:_:THR	0.0
25	B:171:_:TYR	11	B:13:_:LYS	0.061474444979586235	B:18:_:GLN	0.8	A:84:_:ASP	0.0
