Rank	Degree_NodeId	Degree	Betweenness_NodeId	Betweenness	Clustering_NodeId	Clustering	Eigenvector_NodeId	Eigenvector
1	A:78:_:ARG	4	B:31:_:THR	0.0010449320794148381	A:11:_:ALA	1.0	A:78:_:ARG	0.5235630080483978
2	B:31:_:THR	4	A:198:_:GLY	0.0007836990595611286	A:25:_:GLY	1.0	A:25:_:GLY	0.48204442633165157
3	A:198:_:GLY	3	A:78:_:ARG	0.0007836990595611286	A:79:_:ASN	1.0	A:79:_:ASN	0.48204442633165157
4	A:25:_:GLY	3	A:119:_:ARG	0.0007836990595611286	A:76:_:ASP	1.0	A:76:_:ASP	0.48204442633165157
5	A:79:_:ASN	3	A:159:_:ASP	0.0007836990595611286	A:44:_:GLU	1.0	A:74:_:GLN	0.169650330516458
6	A:76:_:ASP	3	A:167:_:ARG	0.0007836990595611286	A:45:_:LEU	1.0	B:31:_:THR	0.00014442717013103614
7	A:70:_:GLU	3	A:70:_:GLU	0.0005224660397074191	A:53:_:MET	1.0	B:88:_:ARG	9.248945597379377e-05
8	A:119:_:ARG	3	A:93:_:ALA	0.00026123301985370953	B:88:_:ARG	1.0	A:53:_:MET	9.248945597379376e-05
9	A:159:_:ASP	3	A:11:_:ALA	0.0	A:123:_:ARG	1.0	B:84:_:ASP	9.248945597379376e-05
10	A:167:_:ARG	3	A:15:_:THR	0.0	B:25:_:GLY	1.0	B:85:_:GLY	9.248945597379376e-05
11	A:11:_:ALA	2	A:16:_:GLN	0.0	B:79:_:ASN	1.0	A:167:_:ARG	1.2825521416262472e-06
12	A:44:_:GLU	2	A:18:_:GLN	0.0	B:76:_:ASP	1.0	A:159:_:ASP	1.282552141626247e-06
13	A:45:_:LEU	2	A:22:_:GLU	0.0	B:84:_:ASP	1.0	A:198:_:GLY	1.2825521416262463e-06
14	A:53:_:MET	2	A:25:_:GLY	0.0	B:85:_:GLY	1.0	A:119:_:ARG	1.2825521416262463e-06
15	B:88:_:ARG	2	A:79:_:ASN	0.0	B:121:_:VAL	1.0	A:123:_:ARG	1.1139184561544464e-06
16	A:123:_:ARG	2	A:76:_:ASP	0.0	B:155:_:THR	1.0	A:11:_:ALA	1.1139184561544457e-06
17	A:93:_:ALA	2	A:31:_:THR	0.0	B:159:_:ASP	1.0	A:121:_:VAL	5.569592280772232e-07
18	B:25:_:GLY	2	A:84:_:ASP	0.0	A:78:_:ARG	0.5	A:170:_:GLU	5.569592280772232e-07
19	B:79:_:ASN	2	A:44:_:GLU	0.0	A:198:_:GLY	0.3333333333333333	A:115:_:LEU	5.569592280772229e-07
20	B:76:_:ASP	2	A:45:_:LEU	0.0	A:70:_:GLU	0.3333333333333333	A:200:_:LYS	5.569592280772229e-07
21	B:84:_:ASP	2	A:53:_:MET	0.0	B:31:_:THR	0.3333333333333333	A:70:_:GLU	1.0448617378333019e-07
22	B:85:_:GLY	2	B:88:_:ARG	0.0	A:119:_:ARG	0.3333333333333333	A:44:_:GLU	8.929782112484523e-08
23	B:121:_:VAL	2	A:61:_:ASP	0.0	A:159:_:ASP	0.3333333333333333	A:45:_:LEU	8.929782112484523e-08
24	B:155:_:THR	2	A:89:_:THR	0.0	A:167:_:ARG	0.3333333333333333	A:67:_:LEU	4.8148391516773714e-08
25	B:159:_:ASP	2	A:67:_:LEU	0.0	A:15:_:THR	0.0	B:25:_:GLY	3.0483941806600075e-09
